,precision,recall,f1-score,support
0,0.7156849768365321,0.7171087533156498,0.716396157668102,7540.0
1,0.45110653628409675,0.44937195590874135,0.4502375754462566,3901.0
accuracy,0.6258194213792501,0.6258194213792501,0.6258194213792501,0.6258194213792501
macro avg,0.5833957565603144,0.5832403546121956,0.5833168665571793,11441.0
weighted avg,0.6254725394101665,0.6258194213792501,0.6256449445532153,11441.0
