,precision,recall,f1-score,support
0,0.8382066276803118,0.9885057471264368,0.9071729957805907,435.0
1,0.9642857142857143,0.6192660550458715,0.7541899441340782,218.0
accuracy,0.8652373660030628,0.8652373660030628,0.8652373660030628,0.8652373660030628
macro avg,0.9012461709830131,0.8038859010861541,0.8306814699573345,653.0
weighted avg,0.880297348782881,0.8652373660030628,0.8561005528113109,653.0
