,precision,recall,f1-score,support
0,0.8576368876080691,0.8715770976716942,0.8645508025274167,6829.0
1,0.744612696563774,0.7212976022566996,0.7327697377847829,3545.0
accuracy,0.8202236360131097,0.8202236360131097,0.8202236360131097,0.8202236360131097
macro avg,0.8011247920859216,0.7964373499641969,0.7986602701560999,10374.0
weighted avg,0.8190142967798422,0.8202236360131097,0.819518618749449,10374.0
