,precision,recall,f1-score,support
0,0.7386080744669337,0.9050397877984084,0.813397699505334,7540.0
1,0.6748410535876476,0.38092796718790056,0.486973619531378,3901.0
accuracy,0.7263351105672581,0.7263351105672581,0.7263351105672581,0.7263351105672581
macro avg,0.7067245640272906,0.6429838774931544,0.650185659518356,11441.0
weighted avg,0.7168656438708236,0.7263351105672581,0.7020979585754851,11441.0
