,precision,recall,f1-score,support
0,0.9861431870669746,0.9816091954022989,0.9838709677419355,435.0
1,0.9636363636363636,0.9724770642201835,0.9680365296803652,218.0
accuracy,0.9785604900459418,0.9785604900459418,0.9785604900459418,0.9785604900459418
macro avg,0.9748897753516691,0.9770431298112412,0.9759537487111504,653.0
weighted avg,0.9786294236552239,0.9785604900459418,0.9785847388025445,653.0
