,precision,recall,f1-score,support
0,0.993006993006993,0.9793103448275862,0.9861111111111112,435.0
1,0.9598214285714286,0.9862385321100917,0.9728506787330317,218.0
accuracy,0.9816232771822359,0.9816232771822359,0.9816232771822359,0.9816232771822359
macro avg,0.9764142107892109,0.9827744384688389,0.9794808949220715,653.0
weighted avg,0.9819281981418275,0.9816232771822359,0.9816841980047998,653.0
