,precision,recall,f1-score,support
0,0.7144505336025382,0.7254356421145116,0.7199011843348108,6829.0
1,0.45494186046511625,0.4414668547249647,0.44810307802433785,3545.0
accuracy,0.628397917871602,0.628397917871602,0.628397917871602,0.628397917871602
macro avg,0.5846961970338272,0.5834512484197382,0.5840021311795743,10374.0
weighted avg,0.6257713118681868,0.628397917871602,0.6270224213821767,10374.0
