,precision,recall,f1-score,support
0,0.7568877551020409,0.7870026525198939,0.7716514954486345,7540.0
1,0.5540127742293808,0.5114073314534735,0.5318581711543588,3901.0
accuracy,0.6930338257145354,0.6930338257145354,0.6930338257145354,0.6930338257145354
macro avg,0.6554502646657108,0.6492049919866837,0.6517548333014966,11441.0
weighted avg,0.6877141426219914,0.6930338257145354,0.6898899572900847,11441.0
