,precision,recall,f1-score,support
0,0.7101882282641171,0.6961487772733929,0.7030984249057162,6829.0
1,0.4361413043478261,0.4527503526093089,0.44429065743944635,3545.0
accuracy,0.6129747445536919,0.6129747445536919,0.6129747445536919,0.6129747445536919
macro avg,0.5731647663059716,0.5744495649413509,0.5736945411725812,10374.0
weighted avg,0.6165410000702428,0.6129747445536919,0.614658716435702,10374.0
