,precision,recall,f1-score,support
0,0.7278794154872857,0.8389920424403183,0.7794960261228513,7540.0
1,0.5585454545454546,0.39374519354011794,0.4618854307622914,3901.0
accuracy,0.687177694257495,0.687177694257495,0.687177694257495,0.687177694257495
macro avg,0.6432124350163702,0.6163686179902181,0.6206907284425713,11441.0
weighted avg,0.6701421738445899,0.687177694257495,0.6712013899458088,11441.0
