,precision,recall,f1-score,support
0,0.7352452663049496,0.8806366047745358,0.801400036207833,7540.0
1,0.6265560165975104,0.3870802358369649,0.47852955157661226,3901.0
accuracy,0.712350319028057,0.712350319028057,0.712350319028057,0.712350319028057
macro avg,0.68090064145123,0.6338584203057503,0.6399647938922226,11441.0
weighted avg,0.6981858516463778,0.712350319028057,0.6913119529505659,11441.0
