,precision,recall,f1-score,support
0,0.8392857142857143,0.6811594202898551,0.752,276.0
1,0.5368421052631579,0.7391304347826086,0.6219512195121951,138.0
accuracy,0.7004830917874396,0.7004830917874396,0.7004830917874396,0.7004830917874396
macro avg,0.6880639097744361,0.7101449275362319,0.6869756097560975,414.0
weighted avg,0.7384711779448622,0.7004830917874396,0.7086504065040651,414.0
