,precision,recall,f1-score,support
0,0.7301587301587301,0.8724137931034482,0.7949725058915946,7540.0
1,0.6044407894736842,0.376826454755191,0.4642349597347229,3901.0
accuracy,0.7034350144218163,0.7034350144218163,0.7034350144218163,0.7034350144218163
macro avg,0.6672997598162071,0.6246201239293196,0.6296037328131587,11441.0
weighted avg,0.6872930989540833,0.7034350144218163,0.6822020166373375,11441.0
