,precision,recall,f1-score,support
0,0.7131339932646188,0.926790450928382,0.8060441778649288,7540.0
1,0.6638246041412911,0.2794155344783389,0.39328883276204224,3901.0
accuracy,0.7060571628354165,0.7060571628354165,0.7060571628354165,0.7060571628354165
macro avg,0.6884792987029549,0.6031029927033604,0.5996665053134855,11441.0
weighted avg,0.696321133639577,0.7060571628354165,0.6653083504681663,11441.0
