,precision,recall,f1-score,support
0,0.8239162528519661,0.8989603162981403,0.8598039215686275,6829.0
1,0.7639411563462196,0.629901269393512,0.6904761904761905,3545.0
accuracy,0.8070175438596491,0.8070175438596491,0.8070175438596491,0.8070175438596491
macro avg,0.7939287045990928,0.7644307928458262,0.775140056022409,10374.0
weighted avg,0.8034215818366519,0.8070175438596491,0.8019413028369242,10374.0
