,precision,recall,f1-score,support
0,0.7492404513888888,0.9157824933687002,0.8241823824301743,7540.0
1,0.7146067415730337,0.4075877980005127,0.5190989226248776,3901.0
accuracy,0.7425050257844594,0.7425050257844594,0.7425050257844594,0.7425050257844594
macro avg,0.7319235964809613,0.6616851456846065,0.6716406525275259,11441.0
weighted avg,0.7374315096887184,0.7425050257844594,0.7201590823077669,11441.0
