,precision,recall,f1-score,support
0,0.7916666666666666,0.5507246376811594,0.6495726495726496,276.0
1,0.44144144144144143,0.7101449275362319,0.5444444444444444,138.0
accuracy,0.6038647342995169,0.6038647342995169,0.6038647342995169,0.6038647342995169
macro avg,0.6165540540540541,0.6304347826086957,0.597008547008547,414.0
weighted avg,0.6749249249249248,0.6038647342995169,0.6145299145299146,414.0
