,precision,recall,f1-score,support
0,0.740751081948904,0.7769805242348806,0.7584333905088622,6829.0
1,0.5256929305512301,0.476163610719323,0.4997039668442866,3545.0
accuracy,0.6741854636591479,0.6741854636591479,0.6741854636591479,0.6741854636591479
macro avg,0.6332220062500671,0.6265720674771018,0.6290686786765743,10374.0
weighted avg,0.6672614784493134,0.6741854636591479,0.6700204536579927,10374.0
