,precision,recall,f1-score,support
0,0.7321640511670843,0.7363395225464191,0.7342458506910005,7540.0
1,0.4847071021254536,0.47936426557293,0.4820208789792499,3901.0
accuracy,0.6487195175246919,0.6487195175246919,0.6487195175246919,0.6487195175246919
macro avg,0.6084355766462689,0.6078518940596745,0.6081333648351251,11441.0
weighted avg,0.647789472178237,0.6487195175246919,0.6482455347529235,11441.0
