,precision,recall,f1-score,support
0,0.7054673721340388,0.9195402298850575,0.7984031936127745,435.0
1,0.5930232558139535,0.23394495412844038,0.3355263157894737,218.0
accuracy,0.6906584992343032,0.6906584992343032,0.6906584992343032,0.6906584992343032
macro avg,0.6492453139739962,0.5767425920067489,0.5669647547011241,653.0
weighted avg,0.6679286012951742,0.6906584992343032,0.6438746187804933,653.0
