,precision,recall,f1-score,support
0,0.8006042296072508,0.9601449275362319,0.8731466227347611,276.0
1,0.8674698795180723,0.5217391304347826,0.6515837104072398,138.0
accuracy,0.8140096618357487,0.8140096618357487,0.8140096618357487,0.8140096618357487
macro avg,0.8340370545626615,0.7409420289855073,0.7623651665710005,414.0
weighted avg,0.8228927795775246,0.8140096618357487,0.7992923186255873,414.0
