,precision,recall,f1-score,support
0,0.8364312267657993,0.8152173913043478,0.8256880733944955,276.0
1,0.6482758620689655,0.6811594202898551,0.6643109540636042,138.0
accuracy,0.7705314009661836,0.7705314009661836,0.7705314009661836,0.7705314009661836
macro avg,0.7423535444173823,0.7481884057971014,0.7449995137290498,414.0
weighted avg,0.7737127718668547,0.7705314009661836,0.7718957002841984,414.0
