,precision,recall,f1-score,support
0,0.7505154639175258,0.8367816091954023,0.7913043478260869,435.0
1,0.5773809523809523,0.44495412844036697,0.5025906735751295,218.0
accuracy,0.7059724349157733,0.7059724349157733,0.7059724349157733,0.7059724349157733
macro avg,0.663948208149239,0.6408678688178846,0.6469475107006082,653.0
weighted avg,0.6927155810462041,0.7059724349157733,0.6949190783211732,653.0
