,precision,recall,f1-score,support
0,0.8171421692548453,0.9002652519893899,0.8566921183820282,7540.0
1,0.7600510529674538,0.6106126634196359,0.6771855010660981,3901.0
accuracy,0.8015033650904642,0.8015033650904642,0.8015033650904642,0.8015033650904642
macro avg,0.7885966111111495,0.7554389577045129,0.7669388097240631,11441.0
weighted avg,0.7976759998083708,0.8015033650904642,0.7954863396782922,11441.0
