,precision,recall,f1-score,support
0,0.8126232741617357,0.9471264367816092,0.8747346072186837,435.0
1,0.8424657534246576,0.5642201834862385,0.6758241758241759,218.0
accuracy,0.8192955589586524,0.8192955589586524,0.8192955589586524,0.8192955589586524
macro avg,0.8275445137931967,0.7556733101339239,0.7752793915214298,653.0
weighted avg,0.82258600077631,0.8192955589586524,0.8083295933687561,653.0
