,precision,recall,f1-score,support
0,0.7412495520248477,0.9086249816957095,0.8164473684210526,6829.0
1,0.6884672990514229,0.38899858956276445,0.4971160778658976,3545.0
accuracy,0.7310584152689416,0.7310584152689416,0.7310584152689416,0.7310584152689416
macro avg,0.7148584255381353,0.648811785629237,0.6567817231434752,10374.0
weighted avg,0.7232128172272005,0.7310584152689416,0.7073255807771328,10374.0
