,precision,recall,f1-score,support
0,0.8961937716262975,0.9384057971014492,0.9168141592920354,276.0
1,0.864,0.782608695652174,0.8212927756653993,138.0
accuracy,0.8864734299516909,0.8864734299516909,0.8864734299516909,0.8864734299516909
macro avg,0.8800968858131488,0.8605072463768115,0.8690534674787174,414.0
weighted avg,0.8854625144175318,0.8864734299516909,0.8849736980831566,414.0
