,precision,recall,f1-score,support
0,0.6963423050379572,0.5352785145888594,0.6052789442111578,7540.0
1,0.37927369353410095,0.5488336324019483,0.4485648439136811,3901.0
accuracy,0.5399003583602832,0.5399003583602832,0.5399003583602832,0.5399003583602832
macro avg,0.5378079992860291,0.5420560734954039,0.5269218940624194,11441.0
weighted avg,0.5882324673072917,0.5399003583602832,0.5518446547906126,11441.0
