,precision,recall,f1-score,support
0,0.7278034541474094,0.8762629960462732,0.7951631120855757,6829.0
1,0.6073420074349443,0.368688293370945,0.45883798490433564,3545.0
accuracy,0.7028147291305186,0.7028147291305186,0.7028147291305186,0.7028147291305186
macro avg,0.6675727307911768,0.622475644708609,0.6270005484949557,10374.0
weighted avg,0.6866394066637301,0.7028147291305186,0.6802341959628172,10374.0
