,precision,recall,f1-score,support
0,0.7771317829457365,0.9218390804597701,0.843322818086225,435.0
1,0.7518248175182481,0.4724770642201835,0.5802816901408451,218.0
accuracy,0.7718223583460949,0.7718223583460949,0.7718223583460949,0.7718223583460949
macro avg,0.7644783002319924,0.6971580723399768,0.711802254113535,653.0
weighted avg,0.7686832094952121,0.7718223583460949,0.7555081689406005,653.0
