,precision,recall,f1-score,support
0,0.6693688477127968,0.5078342363449992,0.57751873438801,6829.0
1,0.3527825919507029,0.5167842031029619,0.4193179217212177,3545.0
accuracy,0.5108926161557741,0.5108926161557741,0.5108926161557741,0.5108926161557741
macro avg,0.5110757198317498,0.5123092197239806,0.49841832805461384,10374.0
weighted avg,0.5611850924904502,0.5108926161557741,0.5234584027026641,10374.0
