,precision,recall,f1-score,support
0,0.713875,0.8362864255381461,0.770247488030211,6829.0
1,0.5290648694187026,0.3543018335684062,0.4243960128400068,3545.0
accuracy,0.6715828031617506,0.6715828031617506,0.6715828031617506,0.6715828031617506
macro avg,0.6214699347093513,0.5952941295532762,0.5973217504351089,10374.0
weighted avg,0.6507217406101119,0.6715828031617506,0.652063231277823,10374.0
