,precision,recall,f1-score,support
0,0.8237704918032787,0.7282608695652174,0.7730769230769231,276.0
1,0.5588235294117647,0.6884057971014492,0.6168831168831169,138.0
accuracy,0.714975845410628,0.714975845410628,0.714975845410628,0.714975845410628
macro avg,0.6912970106075217,0.7083333333333333,0.69498001998002,414.0
weighted avg,0.7354548376727741,0.714975845410628,0.7210123210123209,414.0
