,precision,recall,f1-score,support
0,0.8605442176870748,0.9166666666666666,0.887719298245614,276.0
1,0.8083333333333333,0.7028985507246377,0.751937984496124,138.0
accuracy,0.8454106280193237,0.8454106280193237,0.8454106280193237,0.8454106280193237
macro avg,0.8344387755102041,0.8097826086956521,0.8198286413708691,414.0
weighted avg,0.843140589569161,0.8454106280193237,0.8424588603291174,414.0
