,precision,recall,f1-score,support
0,0.7521613832853026,0.9456521739130435,0.8378812199036918,276.0
1,0.7761194029850746,0.37681159420289856,0.5073170731707317,138.0
accuracy,0.7560386473429952,0.7560386473429952,0.7560386473429952,0.7560386473429952
macro avg,0.7641403931351887,0.661231884057971,0.6725991465372118,414.0
weighted avg,0.7601473898518932,0.7560386473429952,0.7276931709927051,414.0
