,precision,recall,f1-score,support
0,0.983451536643026,0.9563218390804598,0.9696969696969697,435.0
1,0.9173913043478261,0.9678899082568807,0.9419642857142857,218.0
accuracy,0.9601837672281777,0.9601837672281777,0.9601837672281777,0.9601837672281777
macro avg,0.950421420495426,0.9621058736686703,0.9558306277056277,653.0
weighted avg,0.9613977378063436,0.9601837672281777,0.9604385851514489,653.0
