,precision,recall,f1-score,support
0,0.7271515151515151,0.8784595109093571,0.7956761058425625,6829.0
1,0.6092278719397364,0.3650211565585331,0.45651790439230905,3545.0
accuracy,0.7030075187969925,0.7030075187969925,0.7030075187969925,0.7030075187969925
macro avg,0.6681896935456257,0.6217403337339451,0.6260970051174358,10374.0
weighted avg,0.6868546850777002,0.7030075187969925,0.6797790724763443,10374.0
