,precision,recall,f1-score,support
Non-Biased,0.9175173540220498,0.812070834839176,0.861579754601227,2767.0
Biased,0.768064228367529,0.895010395010395,0.8266922707633221,1924.0
accuracy,0.8460882541036027,0.8460882541036027,0.8460882541036027,0.8460882541036027
macro avg,0.8427907911947894,0.8535406149247855,0.8441360126822746,4691.0
weighted avg,0.8562195894176375,0.8460882541036027,0.8472707546216642,4691.0
