,precision,recall,f1-score,support
0,0.7417582417582418,0.9093571533167375,0.8170515097690941,6829.0
1,0.6908091908091908,0.39012693935119885,0.49864791779340184,3545.0
accuracy,0.731925968768074,0.731925968768074,0.731925968768074,0.731925968768074
macro avg,0.7162837162837163,0.6497420463339681,0.657849713781248,10374.0
weighted avg,0.724347948176751,0.731925968768074,0.7082467349904331,10374.0
