,precision,recall,f1-score,support
0,0.8682556312205343,0.8793103448275862,0.8737480231945176,7540.0
1,0.7608409986859396,0.7421174057933864,0.7513625746171814,3901.0
accuracy,0.8325321213180666,0.8325321213180666,0.8325321213180666,0.8325321213180666
macro avg,0.8145483149532369,0.8107138753104863,0.8125552989058495,11441.0
weighted avg,0.8316308185715128,0.8325321213180666,0.8320186608223309,11441.0
