,precision,recall,f1-score,support
0,0.8855721393034826,0.8183908045977012,0.8506571087216248,435.0
1,0.6852589641434262,0.7889908256880734,0.7334754797441365,218.0
accuracy,0.8085758039816233,0.8085758039816233,0.8085758039816233,0.8085758039816233
macro avg,0.7854155517234545,0.8036908151428873,0.7920662942328807,653.0
weighted avg,0.8186988281474454,0.8085758039816233,0.8115367486648217,653.0
