group,Bias Proportion
profession,0.7588888888888888
nationality,0.5366666666666666
religion,0.5033333333333333
race,0.48777777777777775
gender,0.32611111111111113
lgbtq+,0.1338888888888889
