,precision,recall,f1-score,support
0,0.7846715328467153,0.7789855072463768,0.7818181818181819,276.0
1,0.5642857142857143,0.572463768115942,0.5683453237410072,138.0
accuracy,0.7101449275362319,0.7101449275362319,0.7101449275362319,0.7101449275362319
macro avg,0.6744786235662148,0.6757246376811594,0.6750817527795945,414.0
weighted avg,0.7112095933263817,0.7101449275362319,0.7106605624591237,414.0
