,precision,recall,f1-score,support
0,0.8079470198675497,0.8840579710144928,0.8442906574394463,276.0
1,0.7142857142857143,0.5797101449275363,0.64,138.0
accuracy,0.782608695652174,0.782608695652174,0.782608695652174,0.782608695652174
macro avg,0.761116367076632,0.7318840579710145,0.7421453287197232,414.0
weighted avg,0.7767265846736046,0.782608695652174,0.7761937716262975,414.0
