,precision,recall,f1-score,support
0,0.702639751552795,0.9276614438424367,0.7996213316503629,6829.0
1,0.6362297496318114,0.24372355430183357,0.35243728329594126,3545.0
accuracy,0.6939464044727203,0.6939464044727203,0.6939464044727203,0.6939464044727203
macro avg,0.6694347505923033,0.585692499072135,0.5760293074731521,10374.0
weighted avg,0.6799461466935424,0.6939464044727203,0.6468097400351301,10374.0
