,precision,recall,f1-score,support
0,0.7223168654173765,0.9747126436781609,0.8297455968688845,435.0
1,0.8333333333333334,0.25229357798165136,0.3873239436619718,218.0
accuracy,0.7335375191424196,0.7335375191424196,0.7335375191424196,0.7335375191424196
macro avg,0.7778250993753549,0.6135031108299062,0.6085347702654281,653.0
weighted avg,0.7593790246910037,0.7335375191424196,0.6820458719085369,653.0
