,precision,recall,f1-score,support
0,0.9647058823529412,0.9425287356321839,0.9534883720930233,435.0
1,0.8903508771929824,0.9311926605504587,0.9103139013452914,218.0
accuracy,0.9387442572741195,0.9387442572741195,0.9387442572741195,0.9387442572741195
macro avg,0.9275283797729619,0.9368606980913212,0.9319011367191574,653.0
weighted avg,0.9398829250407343,0.9387442572741195,0.9390748428081755,653.0
