,precision,recall,f1-score,support
0,0.9438202247191011,0.9130434782608695,0.9281767955801105,276.0
1,0.8367346938775511,0.8913043478260869,0.8631578947368421,138.0
accuracy,0.9057971014492754,0.9057971014492754,0.9057971014492754,0.9057971014492754
macro avg,0.890277459298326,0.9021739130434783,0.8956673451584762,414.0
weighted avg,0.9081250477719177,0.9057971014492754,0.9065038286323543,414.0
