,precision,recall,f1-score,support
0,0.6871401151631478,0.8229885057471265,0.7489539748953975,435.0
1,0.4166666666666667,0.25229357798165136,0.3142857142857143,218.0
accuracy,0.6324655436447167,0.6324655436447167,0.6324655436447167,0.6324655436447167
macro avg,0.5519033909149073,0.5376410418643889,0.5316198445905559,653.0
weighted avg,0.5968442318978601,0.6324655436447167,0.6038426719659781,653.0
